{"Train/Optimizer/policy0_lr": 0.0001, "Train/Loss": {"min": -24.92993621826172}, "Train/Log_Likelihood": 24.92993621826172, "Train/Policy_Grad_Norms": 143238.31613216698, "Train/50_percent_mean_action_var": 0.005370726896589622, "Train/50_percent_loss": -24.929936764109133, "Timing_Stats/Train_Data_Loading": 0.0229164719581604, "Timing_Stats/Train_Process_Batch": 0.000350646177927653, "Timing_Stats/Train_Train_Batch": 0.009152436256408691, "Timing_Stats/Train_Log_Info": 6.960630416870117e-05, "Timing_Stats/Train_Epoch": 0.037795897324879965, "Valid/Optimizer/policy0_lr": 0.00010000000000000002, "Valid/Loss": 2339.601769256592, "Valid/Log_Likelihood": -2339.601769256592, "Valid/50_percent_mean_action_var": 0.004385341628581227, "Valid/50_percent_loss": 2339.6017752120433, "Timing_Stats/Valid_Data_Loading": 0.011153682072957357, "Timing_Stats/Valid_Process_Batch": 0.00017635424931844074, "Timing_Stats/Valid_Train_Batch": 0.0007378896077473958, "Timing_Stats/Valid_Log_Info": 3.870725631713867e-05, "Timing_Stats/Valid_Epoch": 0.01475523312886556, "System/RAM Usage (MB)": 3798, "epoch": 2000, "_timestamp": 1671891788.2009475, "_runtime": 23265.618939638138, "_step": 1999, "Rollout/Return": 0.82, "Rollout/Horizon": 170.36, "Rollout/Success_Rate": {"max": 0.82}, "Rollout/time": 6.822885046005249, "Timing_Stats/Rollout_Episode": 5.685737538337707, "Rollout/Video/PickPlaceCan": {"_type": "video-file", "sha256": "ff627532a3a3f4b046542aa3084e0a9b6a3a26de4f89f50a269f07b4ce543a93", "size": 2865617, "path": "media/videos/Rollout/Video/PickPlaceCan_1999_ff627532a3a3f4b04654.mp4"}, "_wandb": {"runtime": 23265}}