{"Train/Optimizer/policy0_lr": 0.0001, "Train/Loss": {"min": -26.25801710128784}, "Train/Log_Likelihood": 26.248225688934326, "Train/Policy_Grad_Norms": 114140.19928123556, "Timing_Stats/Train_Data_Loading": 0.02858257293701172, "Timing_Stats/Train_Process_Batch": 0.0003161152203877767, "Timing_Stats/Train_Train_Batch": 0.009861822923024495, "Timing_Stats/Train_Log_Info": 7.515748341878256e-05, "Timing_Stats/Train_Epoch": 0.03897060553232829, "Valid/Optimizer/policy0_lr": 0.00010000000000000002, "Valid/Loss": 63830.464135742186, "Valid/Log_Likelihood": -63830.464135742186, "Valid/worse_mean_action_var": 0.002117896815360059, "Valid/better_mean_action_var": 0.0034796898271717658, "Timing_Stats/Valid_Data_Loading": 0.01101986567179362, "Timing_Stats/Valid_Process_Batch": 0.00016942421595255534, "Timing_Stats/Valid_Train_Batch": 0.0007466991742451985, "Timing_Stats/Valid_Log_Info": 3.415346145629883e-05, "Timing_Stats/Valid_Epoch": 0.013384397824605305, "System/RAM Usage (MB)": 3821, "epoch": 2000, "Train/Curriculm/weight_sum": 12829.0, "_timestamp": 1671636871.9144688, "_runtime": 25467.833845853806, "_step": 1999, "Rollout/Return": 0.58, "Rollout/Horizon": 259.4, "Rollout/Success_Rate": {"max": 0.88}, "Rollout/time": 9.592479419708251, "Timing_Stats/Rollout_Episode": 7.993732849756877, "Rollout/Video/PickPlaceCan": {"_type": "video-file", "sha256": "9abf04940795490c9009101971ac2197ba3b9f5f08845189ab3744f7fad3b923", "size": 3816748, "path": "media/videos/Rollout/Video/PickPlaceCan_1999_9abf04940795490c9009.mp4"}, "_wandb": {"runtime": 25467}}