{"Train/Optimizer/policy0_lr": 0.0001, "Train/Loss": {"min": -13.26101363182068}, "Train/Log_Likelihood": 13.26101363182068, "Train/Policy_Grad_Norms": 54703.74162828127, "Timing_Stats/Train_Data_Loading": 0.024764986832936604, "Timing_Stats/Train_Process_Batch": 0.0002546787261962891, "Timing_Stats/Train_Train_Batch": 0.010001869996388753, "Timing_Stats/Train_Log_Info": 6.37213389078776e-05, "Timing_Stats/Train_Epoch": 0.035186266899108885, "Valid/Optimizer/policy0_lr": 0.0001, "Valid/Loss": -12.137130737304688, "Valid/Log_Likelihood": 12.137130737304688, "Valid/worse_mean_action_var": 0.029329251393046176, "Valid/better_mean_action_var": 0.026503974443365788, "Valid/worse_loss": -11.731305742347745, "Valid/better_loss": -13.130705225056616, "Timing_Stats/Valid_Data_Loading": 0.0002389828364054362, "Timing_Stats/Valid_Process_Batch": 2.4159749348958332e-06, "Timing_Stats/Valid_Train_Batch": 1.489718755086263e-05, "Timing_Stats/Valid_Log_Info": 6.556510925292969e-07, "Timing_Stats/Valid_Epoch": 0.00035163164138793943, "System/RAM Usage (MB)": 3078, "epoch": 11, "_timestamp": 1671745021.6736107, "_runtime": 61.19456458091736, "_step": 10, "_wandb": {"runtime": 63}}