{"Train/Optimizer/policy0_lr": 0.0001, "Train/Loss": {"min": -13.355729951858521}, "Train/Log_Likelihood": 13.355729951858521, "Train/Policy_Grad_Norms": 47491.42295970261, "Timing_Stats/Train_Data_Loading": 0.023497394720713296, "Timing_Stats/Train_Process_Batch": 0.00023022095362345378, "Timing_Stats/Train_Train_Batch": 0.007517834504445394, "Timing_Stats/Train_Log_Info": 6.104707717895508e-05, "Timing_Stats/Train_Epoch": 0.0313886562983195, "Valid/Optimizer/policy0_lr": 0.00010000000000000002, "Valid/Loss": -12.84125373840332, "Valid/Log_Likelihood": 12.84125373840332, "Valid/worse_mean_action_var": 0.029005255831913126, "Valid/better_mean_action_var": 0.02788012982510323, "Valid/worse_loss": -12.819281813168185, "Valid/better_loss": -12.892376299379908, "Timing_Stats/Valid_Data_Loading": 0.010797282059987387, "Timing_Stats/Valid_Process_Batch": 0.00010826985041300456, "Timing_Stats/Valid_Train_Batch": 0.0007178465525309245, "Timing_Stats/Valid_Log_Info": 3.078778584798177e-05, "Timing_Stats/Valid_Epoch": 0.014301927884419759, "System/RAM Usage (MB)": 3081, "epoch": 13, "_timestamp": 1671745118.8866615, "_runtime": 72.05201959609985, "_step": 12, "_wandb": {"runtime": 72}}