{"Train/Optimizer/policy0_lr": 0.0001, "Train/Loss": {"min": -23.167741050720213}, "Train/Log_Likelihood": 23.167741050720213, "Train/Policy_Grad_Norms": 76814.1973046705, "Train/worse_mean_action_var": NaN, "Train/better_mean_action_var": 0.00649479697081988, "Train/worse_loss": NaN, "Train/better_loss": -23.167741607001425, "Timing_Stats/Train_Data_Loading": 0.023825331528981527, "Timing_Stats/Train_Process_Batch": 0.00024016698201497397, "Timing_Stats/Train_Train_Batch": 0.009645994504292805, "Timing_Stats/Train_Log_Info": 6.460348765055338e-05, "Timing_Stats/Train_Epoch": 0.03959025144577026, "Valid/Optimizer/policy0_lr": 0.00010000000000000002, "Valid/Loss": 1601.5693534088134, "Valid/Log_Likelihood": -1601.5693534088134, "Valid/worse_mean_action_var": 0.012783937077757922, "Valid/better_mean_action_var": 0.006410744531679364, "Valid/worse_loss": 2270.527097543735, "Valid/better_loss": 49.55196463434918, "Timing_Stats/Valid_Data_Loading": 0.01088262399037679, "Timing_Stats/Valid_Process_Batch": 0.00011370579401652019, "Timing_Stats/Valid_Train_Batch": 0.0007599751154581706, "Timing_Stats/Valid_Log_Info": 3.232558568318685e-05, "Timing_Stats/Valid_Epoch": 0.014600725968678792, "System/RAM Usage (MB)": 3799, "epoch": 2000, "Train/Curriculm/weight_sum": 12829.0, "_timestamp": 1671799251.7441401, "_runtime": 33160.66482114792, "_step": 1999, "Rollout/Return": 0.64, "Rollout/Horizon": 256.22, "Rollout/Success_Rate": {"max": 0.64}, "Rollout/time": 9.429945297241211, "Timing_Stats/Rollout_Episode": 7.858287747701009, "Rollout/Video/PickPlaceCan": {"_type": "video-file", "sha256": "a6c21722a07c0856e3dd40fd66d05da85f9f7dbb5f552d0232098b1fe8b359e8", "size": 3891752, "path": "media/videos/Rollout/Video/PickPlaceCan_1999_a6c21722a07c0856e3dd.mp4"}, "_wandb": {"runtime": 33160}}