{"Train/Optimizer/policy0_lr": 0.0001, "Train/Loss": {"min": -27.17755485534668}, "Train/Log_Likelihood": 27.03879808425903, "Train/Policy_Grad_Norms": 275021.79464683356, "Train/20_percent_mean_action_var": 0.003346000881998407, "Train/20_percent_loss": -27.038798587417602, "Timing_Stats/Train_Data_Loading": 0.02232974370320638, "Timing_Stats/Train_Process_Batch": 0.00023211240768432616, "Timing_Stats/Train_Train_Batch": 0.008809192975362142, "Timing_Stats/Train_Log_Info": 6.18298848470052e-05, "Timing_Stats/Train_Epoch": 0.03684454361597697, "Valid/Optimizer/policy0_lr": 0.00010000000000000002, "Valid/Loss": 403.82244384765625, "Valid/Log_Likelihood": -403.82244384765625, "Valid/20_percent_mean_action_var": 0.004765278625430074, "Valid/20_percent_loss": 403.82245192533287, "Timing_Stats/Valid_Data_Loading": 0.010910105705261231, "Timing_Stats/Valid_Process_Batch": 0.00011351505915323893, "Timing_Stats/Valid_Train_Batch": 0.0007454713185628255, "Timing_Stats/Valid_Log_Info": 3.113349278767904e-05, "Timing_Stats/Valid_Epoch": 0.014490067958831787, "System/RAM Usage (MB)": 3786, "epoch": 2000, "_timestamp": 1671896471.9176002, "_runtime": 28224.852768182755, "_step": 1999, "Rollout/Return": 0.34, "Rollout/Horizon": 302.56, "Rollout/Success_Rate": {"max": 0.58}, "Rollout/time": 10.931756916046142, "Timing_Stats/Rollout_Episode": 9.109797430038451, "Rollout/Video/PickPlaceCan": {"_type": "video-file", "sha256": "dcb6bebfd436fbd3eee8b8b9fa53cd2b3091e9ee9655a2a000ef60d460127cb6", "size": 4215409, "path": "media/videos/Rollout/Video/PickPlaceCan_1999_dcb6bebfd436fbd3eee8.mp4"}, "_wandb": {"runtime": 28224}}