{"Train/Optimizer/policy0_lr": 0.0001, "Train/Loss": {"min": -23.167741050720213}, "Train/Log_Likelihood": 23.167741050720213, "Train/Policy_Grad_Norms": 76814.1973046705, "Timing_Stats/Train_Data_Loading": 0.023016750812530518, "Timing_Stats/Train_Process_Batch": 0.0002324501673380534, "Timing_Stats/Train_Train_Batch": 0.006554241975148519, "Timing_Stats/Train_Log_Info": 6.0613950093587236e-05, "Timing_Stats/Train_Epoch": 0.02994234561920166, "Valid/Optimizer/policy0_lr": 0.00010000000000000002, "Valid/Loss": 1601.5693534088134, "Valid/Log_Likelihood": -1601.5693534088134, "Valid/worse_mean_action_var": 0.012783937077757922, "Valid/better_mean_action_var": 0.006410744531679364, "Timing_Stats/Valid_Data_Loading": 0.01072006622950236, "Timing_Stats/Valid_Process_Batch": 0.00011179844538370769, "Timing_Stats/Valid_Train_Batch": 0.0007195949554443359, "Timing_Stats/Valid_Log_Info": 3.075202306111653e-05, "Timing_Stats/Valid_Epoch": 0.01297774314880371, "System/RAM Usage (MB)": 3818, "epoch": 2000, "Train/Curriculm/weight_sum": 12829.0, "_timestamp": 1671691809.6192799, "_runtime": 29237.939656972885, "_step": 1999, "Rollout/Return": 0.64, "Rollout/Horizon": 256.22, "Rollout/Success_Rate": {"max": 0.64}, "Rollout/time": 9.300045189857483, "Timing_Stats/Rollout_Episode": 7.750037658214569, "Rollout/Video/PickPlaceCan": {"_type": "video-file", "sha256": "a6c21722a07c0856e3dd40fd66d05da85f9f7dbb5f552d0232098b1fe8b359e8", "size": 3891752, "path": "media/videos/Rollout/Video/PickPlaceCan_1999_a6c21722a07c0856e3dd.mp4"}, "_wandb": {"runtime": 29237}}