{"Train/Optimizer/policy0_lr": 0.0001, "Train/Loss": {"min": -26.25801710128784}, "Train/Log_Likelihood": 26.248225688934326, "Train/Policy_Grad_Norms": 114140.19928123556, "Train/worse_mean_action_var": NaN, "Train/better_mean_action_var": 0.0034048500397781028, "Train/worse_loss": NaN, "Train/better_loss": -26.248226208817957, "Timing_Stats/Train_Data_Loading": 0.02393450736999512, "Timing_Stats/Train_Process_Batch": 0.0004679163297017415, "Timing_Stats/Train_Train_Batch": 0.008123258749643961, "Timing_Stats/Train_Log_Info": 8.151531219482421e-05, "Timing_Stats/Train_Epoch": 0.038475235303243004, "Valid/Optimizer/policy0_lr": 0.00010000000000000002, "Valid/Loss": 63830.464135742186, "Valid/Log_Likelihood": -63830.464135742186, "Valid/worse_mean_action_var": 0.002117896815360059, "Valid/better_mean_action_var": 0.0034796898271717658, "Valid/worse_loss": 91194.36539055653, "Valid/better_loss": 344.7648971401709, "Timing_Stats/Valid_Data_Loading": 0.011531980832417806, "Timing_Stats/Valid_Process_Batch": 0.0002448399861653646, "Timing_Stats/Valid_Train_Batch": 0.0008159518241882324, "Timing_Stats/Valid_Log_Info": 4.0129820505777994e-05, "Timing_Stats/Valid_Epoch": 0.015561227003733318, "System/RAM Usage (MB)": 3753, "epoch": 2000, "Train/Curriculm/weight_sum": 12829.0, "_timestamp": 1671794667.8107667, "_runtime": 28772.310408592224, "_step": 1999, "Rollout/Return": 0.58, "Rollout/Horizon": 259.4, "Rollout/Success_Rate": {"max": 0.88}, "Rollout/time": 10.529398136138916, "Timing_Stats/Rollout_Episode": 8.77449844678243, "Rollout/Video/PickPlaceCan": {"_type": "video-file", "sha256": "9abf04940795490c9009101971ac2197ba3b9f5f08845189ab3744f7fad3b923", "size": 3816748, "path": "media/videos/Rollout/Video/PickPlaceCan_1999_9abf04940795490c9009.mp4"}, "_wandb": {"runtime": 28771}}