{"Train/Optimizer/policy0_lr": 0.0001, "Train/Loss": {"min": -12.316667165756225}, "Train/Log_Likelihood": 12.316667165756225, "Train/Policy_Grad_Norms": 2722.0384536771658, "Train/worse_mean_action_var": 0.0842725601892449, "Train/better_mean_action_var": 0.07740636562727639, "Train/worse_loss": -11.077727675324475, "Train/better_loss": -14.945787976188582, "Timing_Stats/Train_Data_Loading": 0.024263505140940347, "Timing_Stats/Train_Process_Batch": 0.00023999214172363282, "Timing_Stats/Train_Train_Batch": 0.008791657288869222, "Timing_Stats/Train_Log_Info": 6.236632664998372e-05, "Timing_Stats/Train_Epoch": 0.03901753822962443, "Valid/Optimizer/policy0_lr": 0.00010000000000000002, "Valid/Loss": -2.0087684953212737, "Valid/Log_Likelihood": 2.0087684953212737, "Valid/worse_mean_action_var": 0.07758274657573086, "Valid/better_mean_action_var": 0.07281649237616535, "Valid/worse_loss": 3.3573628667994053, "Valid/better_loss": -14.565587819657807, "Timing_Stats/Valid_Data_Loading": 0.01074599027633667, "Timing_Stats/Valid_Process_Batch": 0.00011265277862548828, "Timing_Stats/Valid_Train_Batch": 0.0007601181666056315, "Timing_Stats/Valid_Log_Info": 3.1046072642008464e-05, "Timing_Stats/Valid_Epoch": 0.014367981751759847, "System/RAM Usage (MB)": 3082, "epoch": 19, "_timestamp": 1671906555.1899238, "_runtime": 98.0986738204956, "_step": 18, "_wandb": {"runtime": 98}}