{"Train/Optimizer/policy0_lr": 0.0001, "Train/Loss": {"min": -21.57713987350464}, "Train/Log_Likelihood": 21.509311542510986, "Train/Policy_Grad_Norms": 44240.10023882883, "Train/worse_mean_action_var": 0.010795636034146355, "Train/better_mean_action_var": 0.00869224855255066, "Train/worse_loss": -21.339057642329244, "Train/better_loss": -21.862273397662555, "Timing_Stats/Train_Data_Loading": 0.02321012020111084, "Timing_Stats/Train_Process_Batch": 0.00023318926493326824, "Timing_Stats/Train_Train_Batch": 0.0073277791341145836, "Timing_Stats/Train_Log_Info": 6.335179011027018e-05, "Timing_Stats/Train_Epoch": 0.0363003929456075, "Valid/Optimizer/policy0_lr": 0.00010000000000000002, "Valid/Loss": -21.428429985046385, "Valid/Log_Likelihood": 21.428429985046385, "Valid/worse_mean_action_var": 0.012852171288867403, "Valid/better_mean_action_var": 0.008592695972775118, "Valid/worse_loss": -21.283892092853133, "Valid/better_loss": -21.746860184018846, "Timing_Stats/Valid_Data_Loading": 0.012319012482961019, "Timing_Stats/Valid_Process_Batch": 0.00012064377466837565, "Timing_Stats/Valid_Train_Batch": 0.0008023341496785481, "Timing_Stats/Valid_Log_Info": 3.269513448079427e-05, "Timing_Stats/Valid_Epoch": 0.016132847468058268, "System/RAM Usage (MB)": 3777, "epoch": 2000, "_timestamp": 1671953221.7509232, "_runtime": 29109.022839069366, "_step": 1999, "Rollout/Return": 0.5, "Rollout/Horizon": 308.28, "Rollout/Success_Rate": {"max": 0.68}, "Rollout/time": 10.953674850463868, "Timing_Stats/Rollout_Episode": 9.128062375386556, "Rollout/Video/PickPlaceCan": {"_type": "video-file", "sha256": "fac735e8edcd5b510e16d7928ec963c7056194511b05fcb71bf3832d5f4fa5e8", "size": 4876220, "path": "media/videos/Rollout/Video/PickPlaceCan_1999_fac735e8edcd5b510e16.mp4"}, "_wandb": {"runtime": 29108}}