{"Train/Optimizer/policy0_lr": 0.0001, "Train/Loss": {"min": -21.606046867370605}, "Train/Log_Likelihood": 21.575200328826906, "Train/Policy_Grad_Norms": 46452.25241733585, "Train/worse_mean_action_var": 0.026307756562121615, "Train/better_mean_action_var": 0.011648279978557823, "Train/worse_loss": -21.37125861573945, "Train/better_loss": -21.995890798174404, "Timing_Stats/Train_Data_Loading": 0.023298358917236327, "Timing_Stats/Train_Process_Batch": 0.00035947163899739584, "Timing_Stats/Train_Train_Batch": 0.006269419193267822, "Timing_Stats/Train_Log_Info": 7.747809092203775e-05, "Timing_Stats/Train_Epoch": 0.03544524908065796, "Valid/Optimizer/policy0_lr": 0.00010000000000000002, "Valid/Loss": 3933.3696880340576, "Valid/Log_Likelihood": -3933.3696880340576, "Valid/worse_mean_action_var": 0.02209077455802064, "Valid/better_mean_action_var": 0.011438769715526457, "Valid/worse_loss": 5622.137270019, "Valid/better_loss": 15.339400813488133, "Timing_Stats/Valid_Data_Loading": 0.011088713010152181, "Timing_Stats/Valid_Process_Batch": 0.00018170674641927083, "Timing_Stats/Valid_Train_Batch": 0.0007420142491658528, "Timing_Stats/Valid_Log_Info": 3.1824906667073565e-05, "Timing_Stats/Valid_Epoch": 0.014716625213623047, "System/RAM Usage (MB)": 3820, "epoch": 2000, "_timestamp": 1671797521.121692, "_runtime": 31516.40466785431, "_step": 1999, "Rollout/Return": 0.36, "Rollout/Horizon": 332.1, "Rollout/Success_Rate": {"max": 0.76}, "Rollout/time": 12.046260690689087, "Timing_Stats/Rollout_Episode": 10.03855057557424, "Rollout/Video/PickPlaceCan": {"_type": "video-file", "sha256": "d789af44290266306142e542f3f172e14a0a1024fe1a3d41c02ded6038368407", "size": 5164631, "path": "media/videos/Rollout/Video/PickPlaceCan_1999_d789af44290266306142.mp4"}, "_wandb": {"runtime": 31516}}