{"Train/Optimizer/policy0_lr": 0.0001, "Train/Loss": {"min": 19.856337723061444}, "Train/Log_Likelihood": -19.856337723061444, "Train/Policy_Grad_Norms": 42935051.056769304, "Train/worse_mean_action_var": 0.07944558855435199, "Train/better_mean_action_var": 0.08524773675807264, "Train/worse_loss": 35.256833948407916, "Train/better_loss": -12.17308761941256, "Timing_Stats/Train_Data_Loading": 0.023421831925710044, "Timing_Stats/Train_Process_Batch": 0.00023123820622762044, "Timing_Stats/Train_Train_Batch": 0.007580284277598063, "Timing_Stats/Train_Log_Info": 5.947748819986979e-05, "Timing_Stats/Train_Epoch": 0.036719322204589844, "Valid/Optimizer/policy0_lr": 0.00010000000000000002, "Valid/Loss": 2554.0200366592408, "Valid/Log_Likelihood": -2554.0200366592408, "Valid/worse_mean_action_var": 0.09110731468309263, "Valid/better_mean_action_var": 0.094667411820632, "Valid/worse_loss": 3662.440926494226, "Valid/better_loss": -12.694345317879785, "Timing_Stats/Valid_Data_Loading": 0.010764769713083903, "Timing_Stats/Valid_Process_Batch": 0.00010962486267089844, "Timing_Stats/Valid_Train_Batch": 0.0007276296615600586, "Timing_Stats/Valid_Log_Info": 2.9369195302327475e-05, "Timing_Stats/Valid_Epoch": 0.01425653298695882, "System/RAM Usage (MB)": 3080, "epoch": 3, "_timestamp": 1671905535.8009517, "_runtime": 49.517396688461304, "_step": 2, "_wandb": {"runtime": 49}}