{"Train/Optimizer/policy0_lr": 0.0001, "Train/Loss": {"min": -25.130715103149413}, "Train/Log_Likelihood": 25.09317792892456, "Train/Policy_Grad_Norms": 96467.22906425959, "Timing_Stats/Train_Data_Loading": 0.026458426316579183, "Timing_Stats/Train_Process_Batch": 0.000740349292755127, "Timing_Stats/Train_Train_Batch": 0.009176051616668702, "Timing_Stats/Train_Log_Info": 9.123881657918294e-05, "Timing_Stats/Train_Epoch": 0.03660123348236084, "Valid/Optimizer/policy0_lr": 0.00010000000000000002, "Valid/Loss": 24665.96216796875, "Valid/Log_Likelihood": -24665.96216796875, "Valid/worse_mean_action_var": 0.0027484007691923576, "Valid/better_mean_action_var": 0.004285604196118675, "Valid/worse_loss": 35334.12868768402, "Valid/better_loss": 148.88565379567936, "Timing_Stats/Valid_Data_Loading": 0.01248228947321574, "Timing_Stats/Valid_Process_Batch": 0.000335999329884847, "Timing_Stats/Valid_Train_Batch": 0.0009157458941141764, "Timing_Stats/Valid_Log_Info": 6.572405497233073e-05, "Timing_Stats/Valid_Epoch": 0.01683198610941569, "System/RAM Usage (MB)": 3799, "epoch": 1399, "Train/Curriculm/weight_sum": 12829.0, "_timestamp": 1671765402.2453456, "_runtime": 19881.371579647064, "_step": 1398, "Rollout/Return": 0.7, "Rollout/Horizon": 231.3, "Rollout/Success_Rate": {"max": 0.88}, "Rollout/time": 9.63024869441986, "Timing_Stats/Rollout_Episode": 8.025207245349884, "Rollout/Video/PickPlaceCan": {"_type": "video-file", "sha256": "7966e8df31018b50cd46e227d340ddc528d17cefb3fbcb46c79c05731f736aaa", "size": 3678115, "path": "media/videos/Rollout/Video/PickPlaceCan_1349_7966e8df31018b50cd46.mp4"}, "_wandb": {"runtime": 20329}}