{"Train/Optimizer/policy0_lr": 0.0001, "Train/Loss": {"min": -14.734850015640259}, "Train/Log_Likelihood": 14.720186071395874, "Train/Policy_Grad_Norms": 103371.3781509368, "Timing_Stats/Train_Data_Loading": 0.023408639430999755, "Timing_Stats/Train_Process_Batch": 0.00023300647735595702, "Timing_Stats/Train_Train_Batch": 0.006984921296437582, "Timing_Stats/Train_Log_Info": 6.070534388224284e-05, "Timing_Stats/Train_Epoch": 0.030768442153930663, "Valid/Optimizer/policy0_lr": 0.0001, "Valid/Loss": -12.906954288482666, "Valid/Log_Likelihood": 12.906954288482666, "Timing_Stats/Valid_Data_Loading": 0.0022019227345784504, "Timing_Stats/Valid_Process_Batch": 2.2069613138834635e-05, "Timing_Stats/Valid_Train_Batch": 0.00014700889587402344, "Timing_Stats/Valid_Log_Info": 6.194909413655599e-06, "Timing_Stats/Valid_Epoch": 0.0024170875549316406, "System/RAM Usage (MB)": 3066, "epoch": 22, "Train/Curriculm/weight_sum": 23821.0, "_timestamp": 1671611092.568543, "_runtime": 125.23058199882507, "_step": 21, "_wandb": {"runtime": 125}}