{"Train/Optimizer/policy0_lr": 0.0001, "Train/Loss": {"min": -20.66676954269409}, "Train/Log_Likelihood": 20.59084545135498, "Train/Policy_Grad_Norms": 30190.232898082966, "Timing_Stats/Train_Data_Loading": 0.026231908798217775, "Timing_Stats/Train_Process_Batch": 0.000483854611714681, "Timing_Stats/Train_Train_Batch": 0.00965430736541748, "Timing_Stats/Train_Log_Info": 8.60293706258138e-05, "Timing_Stats/Train_Epoch": 0.03659884134928385, "Valid/Optimizer/policy0_lr": 0.00010000000000000002, "Valid/Loss": 1343.006905078888, "Valid/Log_Likelihood": -1343.006905078888, "Valid/worse_mean_action_var": 0.028201097143335224, "Valid/better_mean_action_var": 0.012118637439916181, "Valid/worse_loss": 1924.08745073356, "Valid/better_loss": 2.524900196386235, "Timing_Stats/Valid_Data_Loading": 0.011884200572967529, "Timing_Stats/Valid_Process_Batch": 0.00019259850184122723, "Timing_Stats/Valid_Train_Batch": 0.0008285323778788249, "Timing_Stats/Valid_Log_Info": 3.869136174519857e-05, "Timing_Stats/Valid_Epoch": 0.015842119852701824, "System/RAM Usage (MB)": 3729, "epoch": 1349, "_timestamp": 1671765598.3971791, "_runtime": 20468.33054614067, "_step": 1348, "Rollout/Return": 0.48, "Rollout/Horizon": 314.34, "Rollout/Success_Rate": {"max": 0.76}, "Rollout/time": 12.466494526863098, "Timing_Stats/Rollout_Episode": 10.388745439052581, "Rollout/Video/PickPlaceCan": {"_type": "video-file", "sha256": "f2a9806d0118dbd9868e75bacf0beda58a930c6bf8d17d5d80b98cb7e00b6531", "size": 4756746, "path": "media/videos/Rollout/Video/PickPlaceCan_1299_f2a9806d0118dbd9868e.mp4"}, "_wandb": {"runtime": 20723}}