{"Train/Optimizer/policy0_lr": 0.0001, "Train/Loss": {"min": -19.971603088378906}, "Train/Log_Likelihood": 19.912084426879883, "Train/Policy_Grad_Norms": 17730.65934456022, "Timing_Stats/Train_Data_Loading": 0.0246453324953715, "Timing_Stats/Train_Process_Batch": 0.0009443442026774089, "Timing_Stats/Train_Train_Batch": 0.009369862079620362, "Timing_Stats/Train_Log_Info": 0.00012689431508382162, "Timing_Stats/Train_Epoch": 0.035208070278167726, "Valid/Optimizer/policy0_lr": 0.00010000000000000002, "Valid/Loss": 485.85858823776243, "Valid/Log_Likelihood": -485.85858823776243, "Valid/worse_mean_action_var": 0.008843300879149755, "Valid/better_mean_action_var": 0.01045138288978275, "Valid/worse_loss": 690.2882413898974, "Valid/better_loss": 4.742807547940974, "Timing_Stats/Valid_Data_Loading": 0.01138696273167928, "Timing_Stats/Valid_Process_Batch": 0.00023399988810221355, "Timing_Stats/Valid_Train_Batch": 0.0008074084917704265, "Timing_Stats/Valid_Log_Info": 4.087686538696289e-05, "Timing_Stats/Valid_Epoch": 0.015352241198221843, "System/RAM Usage (MB)": 3789, "epoch": 1199, "Train/Curriculm/weight_sum": 18540.94921875, "_timestamp": 1671765537.8678944, "_runtime": 19870.32751941681, "_step": 1198, "Rollout/Return": 0.5, "Rollout/Horizon": 304.3, "Rollout/Success_Rate": {"max": 0.58}, "Rollout/time": 12.232041501998902, "Timing_Stats/Rollout_Episode": 10.193367918332418, "Rollout/Video/PickPlaceCan": {"_type": "video-file", "sha256": "2a64d9149852d3afd6172d0346ef2dae5c3dc71c10bf4da99a0e4b9862b647b7", "size": 4539218, "path": "media/videos/Rollout/Video/PickPlaceCan_1149_2a64d9149852d3afd617.mp4"}, "_wandb": {"runtime": 20197}}