{"Train/Optimizer/policy0_lr": 0.0001, "Train/Loss": {"min": 19.856337723061444}, "Train/Log_Likelihood": -19.856337723061444, "Train/Policy_Grad_Norms": 42935051.056769304, "Train/worse_mean_action_var": 0.07944558855435199, "Train/better_mean_action_var": 0.08524773675807264, "Train/worse_loss": 35.256833948407916, "Train/better_loss": -12.17308761941256, "Timing_Stats/Train_Data_Loading": 0.023986891905466715, "Timing_Stats/Train_Process_Batch": 0.0002374847730000814, "Timing_Stats/Train_Train_Batch": 0.00878070592880249, "Timing_Stats/Train_Log_Info": 6.254911422729493e-05, "Timing_Stats/Train_Epoch": 0.03860310713450114, "Valid/Optimizer/policy0_lr": 0.00010000000000000002, "Valid/Loss": 2554.0200366592408, "Valid/Log_Likelihood": -2554.0200366592408, "Valid/worse_mean_action_var": 0.09110731468309263, "Valid/better_mean_action_var": 0.094667411820632, "Valid/worse_loss": 3662.440926494226, "Valid/better_loss": -12.694345317879785, "Timing_Stats/Valid_Data_Loading": 0.010973954200744629, "Timing_Stats/Valid_Process_Batch": 0.00011312564214070638, "Timing_Stats/Valid_Train_Batch": 0.0007535497347513835, "Timing_Stats/Valid_Log_Info": 3.096262613932292e-05, "Timing_Stats/Valid_Epoch": 0.014538983503977457, "System/RAM Usage (MB)": 3079, "epoch": 3, "_timestamp": 1671905677.2742429, "_runtime": 47.81807994842529, "_step": 2, "_wandb": {"runtime": 48}}