{"Train/Optimizer/policy0_lr": 0.0001, "Train/Loss": {"min": -26.248528442382813}, "Train/Log_Likelihood": 26.185437660217286, "Train/Policy_Grad_Norms": 116446.3999698904, "Train/worse_mean_action_var": NaN, "Train/better_mean_action_var": 0.0035369615662813885, "Train/worse_loss": NaN, "Train/better_loss": -26.185438360476493, "Timing_Stats/Train_Data_Loading": 0.023225065072377524, "Timing_Stats/Train_Process_Batch": 0.00035744508107503256, "Timing_Stats/Train_Train_Batch": 0.008274261156717937, "Timing_Stats/Train_Log_Info": 7.081429163614908e-05, "Timing_Stats/Train_Epoch": 0.037663495540618895, "Valid/Optimizer/policy0_lr": 0.00010000000000000002, "Valid/Loss": 61688.6080859375, "Valid/Log_Likelihood": -61688.6080859375, "Valid/worse_mean_action_var": 0.003152170218837138, "Valid/better_mean_action_var": 0.0036046756580475348, "Valid/worse_loss": 89701.58621863305, "Valid/better_loss": -26.077338262065567, "Timing_Stats/Valid_Data_Loading": 0.012251937389373779, "Timing_Stats/Valid_Process_Batch": 0.00020669698715209962, "Timing_Stats/Valid_Train_Batch": 0.0008178591728210449, "Timing_Stats/Valid_Log_Info": 3.601312637329102e-05, "Timing_Stats/Valid_Epoch": 0.01625156799952189, "System/RAM Usage (MB)": 3793, "epoch": 2000, "Train/Curriculm/weight_sum": 12829.0, "_timestamp": 1671950810.948511, "_runtime": 26965.95970582962, "_step": 1999, "Rollout/Return": 0.6, "Rollout/Horizon": 245.64, "Rollout/Success_Rate": {"max": 0.84}, "Rollout/time": 9.311587085723877, "Timing_Stats/Rollout_Episode": 7.759655904769898, "Rollout/Video/PickPlaceCan": {"_type": "video-file", "sha256": "9c122bf4e3fe1be0af8f254a331669c1a9aaf2c98dfbec5913072abef1458f10", "size": 3875758, "path": "media/videos/Rollout/Video/PickPlaceCan_1999_9c122bf4e3fe1be0af8f.mp4"}, "_wandb": {"runtime": 26965}}