{"Train/Optimizer/policy0_lr": 0.0001, "Train/Loss": {"min": -15.456693134307862}, "Train/Log_Likelihood": 15.456693134307862, "Train/Policy_Grad_Norms": 95187.95139097178, "Timing_Stats/Train_Data_Loading": 0.02374299764633179, "Timing_Stats/Train_Process_Batch": 0.00024060805638631184, "Timing_Stats/Train_Train_Batch": 0.009455247720082601, "Timing_Stats/Train_Log_Info": 6.144444147745768e-05, "Timing_Stats/Train_Epoch": 0.033578360080718996, "Valid/Optimizer/policy0_lr": 0.00010000000000000002, "Valid/Loss": -12.411125698089599, "Valid/Log_Likelihood": 12.411125698089599, "Valid/worse_mean_action_var": 0.018258956852138776, "Valid/better_mean_action_var": 0.016813693391897533, "Timing_Stats/Valid_Data_Loading": 0.01054923931757609, "Timing_Stats/Valid_Process_Batch": 0.00011103947957356771, "Timing_Stats/Valid_Train_Batch": 0.0007372736930847168, "Timing_Stats/Valid_Log_Info": 3.0513604482014974e-05, "Timing_Stats/Valid_Epoch": 0.01282267967859904, "System/RAM Usage (MB)": 3081, "epoch": 49, "Train/Curriculm/weight_sum": 27091.0, "_timestamp": 1671611342.0992613, "_runtime": 200.04360127449036, "_step": 48, "_wandb": {"runtime": 251}}