{"Train/Optimizer/policy0_lr": 0.0001, "Train/Loss": {"min": -25.736998081207275}, "Train/Log_Likelihood": 25.66949224472046, "Train/Policy_Grad_Norms": 179065.94736189782, "Timing_Stats/Train_Data_Loading": 0.024489712715148926, "Timing_Stats/Train_Process_Batch": 0.0002494374910990397, "Timing_Stats/Train_Train_Batch": 0.009728423754374186, "Timing_Stats/Train_Log_Info": 6.281534830729166e-05, "Timing_Stats/Train_Epoch": 0.034619669119517006, "Valid/Optimizer/policy0_lr": 0.00010000000000000002, "Valid/Loss": 6645.757380371094, "Valid/Log_Likelihood": -6645.757380371094, "Valid/worse_mean_action_var": 0.02702328596542825, "Valid/better_mean_action_var": 0.003636941421380417, "Timing_Stats/Valid_Data_Loading": 0.010852630933125813, "Timing_Stats/Valid_Process_Batch": 0.00011463165283203125, "Timing_Stats/Valid_Train_Batch": 0.0007880608240763347, "Timing_Stats/Valid_Log_Info": 3.142754236857096e-05, "Timing_Stats/Valid_Epoch": 0.01323790152867635, "System/RAM Usage (MB)": 3792, "epoch": 2000, "_timestamp": 1671638577.675353, "_runtime": 26025.311403036118, "_step": 1999, "Rollout/Return": 0.62, "Rollout/Horizon": 245.24, "Rollout/Success_Rate": {"max": 0.8}, "Rollout/time": 9.04536605834961, "Timing_Stats/Rollout_Episode": 7.537805048624675, "Rollout/Video/PickPlaceCan": {"_type": "video-file", "sha256": "acaed34c16549666d1f2e4e789c4123ca7cb9fc6f7580cd36f21302c63f4ca8c", "size": 3617382, "path": "media/videos/Rollout/Video/PickPlaceCan_1999_acaed34c16549666d1f2.mp4"}, "_wandb": {"runtime": 26025}}