{"Train/Optimizer/policy0_lr": 0.0001, "Train/Loss": {"min": -24.77484790802002}, "Train/Log_Likelihood": 24.693609142303465, "Train/Policy_Grad_Norms": 130642.24898361323, "Timing_Stats/Train_Data_Loading": 0.024341968695322673, "Timing_Stats/Train_Process_Batch": 0.0005428194999694824, "Timing_Stats/Train_Train_Batch": 0.0074544509251912435, "Timing_Stats/Train_Log_Info": 9.590784708658854e-05, "Timing_Stats/Train_Epoch": 0.03255742788314819, "Valid/Optimizer/policy0_lr": 0.00010000000000000002, "Valid/Loss": 2699.4644067382815, "Valid/Log_Likelihood": -2699.4644067382815, "Valid/worse_mean_action_var": 0.029615386201346197, "Valid/better_mean_action_var": 0.004867184395371969, "Valid/worse_loss": 3822.6101663684917, "Valid/better_loss": 98.65221316820944, "Timing_Stats/Valid_Data_Loading": 0.011701953411102296, "Timing_Stats/Valid_Process_Batch": 0.0002541343371073405, "Timing_Stats/Valid_Train_Batch": 0.0007982492446899414, "Timing_Stats/Valid_Log_Info": 4.341602325439453e-05, "Timing_Stats/Valid_Epoch": 0.015607444445292155, "System/RAM Usage (MB)": 3816, "epoch": 1449, "Train/Curriculm/weight_sum": 12829.0, "_timestamp": 1671765787.3598387, "_runtime": 20174.06555080414, "_step": 1448, "Rollout/Return": 0.68, "Rollout/Horizon": 235.36, "Rollout/Success_Rate": {"max": 0.8}, "Rollout/time": 9.61710473537445, "Timing_Stats/Rollout_Episode": 8.014253946145375, "Rollout/Video/PickPlaceCan": {"_type": "video-file", "sha256": "f380d4ec0f130ff826095bb1026f418208a7b1798a02339b12cfbb9ba05ce2e1", "size": 3603766, "path": "media/videos/Rollout/Video/PickPlaceCan_1399_f380d4ec0f130ff82609.mp4"}, "_wandb": {"runtime": 20254}}