{"Train/Optimizer/policy0_lr": 0.0001, "Train/Loss": {"min": -25.736998081207275}, "Train/Log_Likelihood": 25.66949224472046, "Train/Policy_Grad_Norms": 179065.94736189782, "Train/worse_mean_action_var": NaN, "Train/better_mean_action_var": 0.003909217806057131, "Train/worse_loss": NaN, "Train/better_loss": -25.669492915946247, "Timing_Stats/Train_Data_Loading": 0.025233113765716554, "Timing_Stats/Train_Process_Batch": 0.0008487184842427572, "Timing_Stats/Train_Train_Batch": 0.009791811307271322, "Timing_Stats/Train_Log_Info": 0.00010961691538492838, "Timing_Stats/Train_Epoch": 0.0417889674504598, "Valid/Optimizer/policy0_lr": 0.00010000000000000002, "Valid/Loss": 6645.757380371094, "Valid/Log_Likelihood": -6645.757380371094, "Valid/worse_mean_action_var": 0.02702328596542825, "Valid/better_mean_action_var": 0.003636941421380417, "Valid/worse_loss": 9442.259560971961, "Valid/better_loss": 157.7242696867541, "Timing_Stats/Valid_Data_Loading": 0.01167811950047811, "Timing_Stats/Valid_Process_Batch": 0.00031618277231852215, "Timing_Stats/Valid_Train_Batch": 0.0007754842440287272, "Timing_Stats/Valid_Log_Info": 4.6201546986897786e-05, "Timing_Stats/Valid_Epoch": 0.01568142573038737, "System/RAM Usage (MB)": 3804, "epoch": 2000, "Train/Curriculm/weight_sum": 12829.0, "_timestamp": 1671794899.7568944, "_runtime": 28816.86123943329, "_step": 1999, "Rollout/Return": 0.62, "Rollout/Horizon": 245.24, "Rollout/Success_Rate": {"max": 0.8}, "Rollout/time": 9.770839443206787, "Timing_Stats/Rollout_Episode": 8.142366202672322, "Rollout/Video/PickPlaceCan": {"_type": "video-file", "sha256": "acaed34c16549666d1f2e4e789c4123ca7cb9fc6f7580cd36f21302c63f4ca8c", "size": 3617382, "path": "media/videos/Rollout/Video/PickPlaceCan_1999_acaed34c16549666d1f2.mp4"}, "_wandb": {"runtime": 28816}}