{"Train/Optimizer/policy0_lr": 0.0001, "Train/Loss": {"min": -12.664420537948608}, "Train/Log_Likelihood": 12.664420537948608, "Train/Policy_Grad_Norms": 2606.0415504168245, "Train/worse_mean_action_var": 0.10234865326889452, "Train/better_mean_action_var": 0.08032417932361198, "Train/worse_loss": -11.481270122628521, "Train/better_loss": -15.151092348634162, "Timing_Stats/Train_Data_Loading": 0.023072544733683267, "Timing_Stats/Train_Process_Batch": 0.00023270448048909504, "Timing_Stats/Train_Train_Batch": 0.008537793159484863, "Timing_Stats/Train_Log_Info": 6.159543991088868e-05, "Timing_Stats/Train_Epoch": 0.03743707338968913, "Valid/Optimizer/policy0_lr": 0.00010000000000000002, "Valid/Loss": 420.51686254501345, "Valid/Log_Likelihood": -420.51686254501345, "Valid/worse_mean_action_var": 0.10873360969497212, "Valid/better_mean_action_var": 0.08823065859021915, "Valid/worse_loss": 606.6342533931609, "Valid/better_loss": -14.585314875451203, "Timing_Stats/Valid_Data_Loading": 0.01059330701828003, "Timing_Stats/Valid_Process_Batch": 0.00011121431986490885, "Timing_Stats/Valid_Train_Batch": 0.0007454395294189453, "Timing_Stats/Valid_Log_Info": 3.095467885335287e-05, "Timing_Stats/Valid_Epoch": 0.01417156457901001, "System/RAM Usage (MB)": 3080, "epoch": 21, "_timestamp": 1671906422.3338404, "_runtime": 103.16728734970093, "_step": 20, "_wandb": {"runtime": 105}}